,化学药品制剂制造:亏损企业数,化学药品制剂制造:企业数,化学药品制剂制造:从业人员数:年平均,化学药品制剂制造:资产合计,化学药品制剂制造:流动资产,化学药品制剂制造:库存,化学药品制剂制造:应收账款,化学药品制剂制造:产品库存,化学药品制剂制造:固定资产净值,化学药品制剂制造:负债合计,化学药品制剂制造:营业收入:累计,化学药品制剂制造:营业成本:累计,化学药品制剂制造:营业费用:累计,化学药品制剂制造:主营业务税金及附加:累计,化学药品制剂制造:管理费用:累计,化学药品制剂制造:财务费用:累计,化学药品制剂制造:财务费用:利息支出:累计,化学药品制剂制造:利润总额:累计,化学药品制剂制造:亏损额:累计,化学药品制剂制造:利税总额:累计,化学药品制剂制造:工业销售产值:出口交货值:累计,化学药品制剂制造:工业销售产值:累计,化学药品制剂制造:新产品产值:累计,化学药品制剂制造:工业总产值:累计,化学药品制剂制造:应交增值税:累计
区域,中国,中国,中国,中国,中国,中国,中国,中国,中国,中国,中国,中国,中国,中国,中国,中国,中国,中国,中国,中国,中国,中国,中国,中国,中国
次国家,,,,,,,,,,,,,,,,,,,,,,,,,
频率,月,月,月,月,月,月,月,月,月,月,月,月,月,月,月,月,月,月,月,月,月,月,月,月,月
单位,个,个,千人,百万人民币,百万人民币,百万人民币,百万人民币,百万人民币,百万人民币,百万人民币,百万人民币,百万人民币,百万人民币,百万人民币,百万人民币,百万人民币,百万人民币,百万人民币,百万人民币,百万人民币,百万人民币,百万人民币,百万人民币,百万人民币,百万人民币
数据来源,国家统计局 & 医药统计网,国家统计局 & 医药统计网,国家统计局 & 医药统计网,国家统计局 & 医药统计网,国家统计局 & 医药统计网,国家统计局 & 医药统计网,国家统计局 & 医药统计网,国家统计局 & 医药统计网,国家统计局 & 医药统计网,国家统计局 & 医药统计网,国家统计局 & 医药统计网,国家统计局 & 医药统计网,国家统计局 & 医药统计网,国家统计局 & 医药统计网,国家统计局 & 医药统计网,国家统计局 & 医药统计网,国家统计局 & 医药统计网,国家统计局 & 医药统计网,国家统计局 & 医药统计网,国家统计局 & 医药统计网,国家统计局 & 医药统计网,国家统计局 & 医药统计网,国家统计局 & 医药统计网,国家统计局 & 医药统计网,国家统计局 & 医药统计网
状态,继续,继续,继续,继续,继续,继续,继续,继续,继续,继续,继续,继续,继续,继续,继续,继续,继续,继续,继续,继续,继续,继续,继续,继续,继续
数列ID,11850501 (CRTAACP),11850401 (CRTAACO),11850301 (CRTAACN),11849001 (CRTAACA),11848801 (CRTAABY),315046101 (CRTACQR),11848601 (CRTAABW),11848701 (CRTAABX),11848901 (CRTAABZ),11849101 (CRTAACB),11849201 (CRTAACC),11849301 (CRTAACD),11849401 (CRTAACE),11849501 (CRTAACF),11849601 (CRTAACG),11849701 (CRTAACH),11849801 (CRTAACI),11849901 (CRTAACJ),11850001 (CRTAACK),11850101 (CRTAACL),11850901 (CRTAACT),11850801 (CRTAACS),11850701 (CRTAACR),11850601 (CRTAACQ),11850201 (CRTAACM)
SR码,SR280794,SR280793,SR280792,SR280777,SR280775,SR5214588,SR280773,SR280774,SR280776,SR280778,SR280780,SR280781,SR280782,SR280783,SR280784,SR280785,SR280786,SR280787,SR280788,SR280789,SR280798,SR280797,SR280796,SR280795,SR280790
贸易代码,,,,,,,,,,,,,,,,,,,,,,,,,
助记符,,,,,,,,,,,,,,,,,,,,,,,,,
函数说明,,,,,,,,,,,,,,,,,,,,,,,,,
首次观测日期,01/2003,01/2003,01/2002,01/2002,01/2002,04/2011,01/2002,01/2002,01/2002,01/2002,01/2002,01/2002,01/2002,01/2002,01/2002,01/2002,01/2002,01/2002,01/2002,01/2002,01/2002,01/2002,01/2002,01/2002,01/2002
最后观测日期,06/2022,06/2022,12/2012,06/2022,10/2015,10/2015,06/2022,10/2015,12/2012,10/2015,07/2022,10/2015,10/2015,10/2015,10/2015,10/2015,10/2015,07/2022,10/2015,12/2015,06/2022,12/2012,12/2012,12/2012,10/2015
最后更新时间,23/03/2023,23/03/2023,17/02/2013,23/03/2023,02/12/2015,02/12/2015,23/03/2023,02/12/2015,27/12/2013,02/12/2015,23/03/2023,15/04/2020,02/12/2015,02/12/2015,02/12/2015,02/12/2015,02/12/2015,23/03/2023,02/12/2015,05/02/2016,23/03/2023,27/12/2013,27/12/2013,17/02/2013,02/12/2015
数列备注,,,,,,,,,,,从2019年起，营业收入包括营业收入和其他业务收入。,,,,,,,,,,,,,,
建议,,,,,,,,,,,,,,,,,,,,,,,,,
平均,239.77227722772278,1105.7722772277227,375.07811694444473,541725.7892564647,175386.00616028358,66235.28033333334,76983.0469469768,17361.095057746483,42062.10419816899,143950.77909989428,263807.1817759259,97571.44269718314,30269.19981760562,1145.4757915492967,12527.947029577466,1629.5683190140849,1428.0061190140843,33396.950331944456,920.417037323943,28910.041296503474,7642.731796988234,94263.63238695651,12192.26167,99838.87263310558,9625.153689436622
方差,4791.878232599379,3277.6593271267425,4568.085348203925,140856869246.51474,15572516134.565329,231292277.35953647,2827304552.5111217,113707278.3029599,193744882.23021802,7399206718.792082,54063288933.16076,8776146616.418076,818767725.9964242,1331907.9945430106,130647011.36778224,1581401.7192740655,1434690.7500742688,1049410510.3287389,334549.9279012262,814591815.4501475,48674986.163887225,8606470611.932447,103023620.78566583,9464570753.474085,78532897.69995011
标准差,69.22339368016696,57.250845645516385,67.58761238721135,375309.0316612628,124789.88794996704,15208.296333236556,53172.40405051404,10663.361491713573,13919.227070143586,86018.64169348456,232515.1369979184,93681.08996173175,28614.117599472193,1154.0831835457143,11430.092360422213,1257.5379593769985,1197.7857696910032,32394.606191906994,578.402911387232,28541.054911305353,6976.746101434911,92771.0655966204,10150.055210966382,97286.02547886354,8861.878903480352
偏度,0.13487862236075393,1.224982373850366,0.755137114002117,0.32248522744606395,0.5749752204814899,0.07075535511664241,0.4113100740326539,0.704269632073008,1.7846880101369917,0.6074497503357592,0.8899369162568074,1.2253573878972743,1.2573923886846696,1.4195762996328192,1.2352033816975818,1.0954347340420605,1.270781991683777,1.0834216692239826,0.8019185638419175,1.3619773796841084,1.2426226856421672,2.043736356627085,1.9387777494140244,1.970659774009706,1.2760110981009938
峰度,-1.3356182999196768,2.6145061441250252,-0.902559836489814,-1.383140483473911,-1.1961970300592593,-1.3408075191627369,-1.2372537989466574,-0.7386822154609893,4.4349748125597115,-1.110087989206948,-0.2794295710359864,0.515576149794696,0.6854688662904409,1.1713521085111158,0.6372704669424469,0.45884656551349456,0.8841144826338252,0.22688951801590873,-0.1835429533299715,1.1514012067944632,0.8735413620657471,4.468121066545528,4.590981113565974,4.0332787991244405,0.7903885306861711
变异系数,0.28870474301923704,0.05177453515930943,0.1801960960500988,0.6928025933127274,0.7115156487224116,0.22961020556869116,0.6907027736527148,0.6142101898667737,0.3309208451523332,0.5975559300988024,0.8813828927349425,0.9601281622172457,0.9453212431082908,1.0075142504624877,0.9123675517973291,0.7717000537527812,0.8387819588041902,0.9699869559922448,0.6284139557747689,0.9872367396015187,0.9128602555678105,0.9841660378181795,0.8324997843461133,0.9744303287195217,0.9206999897784546
最小,113,992,304.289,92922.197,47573.902,43097,15403.292,6085.511,27642.225,51773.274,10518.483,6456.424,1931.033,55.581,990.161,214.07,180.73,901.475,182.953,1724.659,620.232,10537.243,1600.181,11418.565,767.603
最大,386,1313,520.903,1247310,427501.213,89210.572,183600.905,41750.132,100252.05,317885.097,871537.917,384042.67,120571.84,4906.91,48646.21,5463.515,5176.84,131910,2448.062,129726.493,32790,487562.33,54807.55,497025.11794872,38052.67
中位数,232,1102,348.36699999999996,492233.65,115762.47,65552.0175,66234.196,14630.3,38157.994,105737.54500000001,186046.09,55676.193,17899.6185,663.1875,7792.947,1236.202,1035.234,22068.724,797.832,16464.63,4652.3485,64936.2475,9623.099,70191.438,6011.129000000001
总和 SUM,48434,223366,40508.43662999999,116471044.69014002,24729426.8686,2781881.7739999997,16551355.093600005,2465275.4981999993,2986409.3980699996,20441010.632185,56982351.26359999,13855144.863000005,4298226.374100001,162657.56240000002,1778968.4781999998,231398.7013000001,202776.86889999994,7213741.2717,130699.21930000004,4134135.9054,1299264.405488,8672254.1796,1036342.2419499999,8885659.664346399,1366771.8238999997
减 SUBTRACT,-273,-321,-216.61400000000003,-1154387.803,-379927.311,-46113.572,-168197.613,-35664.621,-72609.82500000001,-266111.82300000003,-861019.434,-377586.246,-118640.807,-4851.329,-47656.049,-5249.445000000001,-4996.110000000001,-131008.525,-2265.109,-128001.834,-32169.768,-477025.087,-53207.369000000006,-485606.55294872,-37285.066999999995
参照期间,202,202,108,215,141,42,215,142,71,142,216,142,142,142,142,142,142,216,142,143,170,92,85,89,142
01/2002,,,309.993,94239.735,48984.689,,15644.98,6085.511,27653.786,53773.728,10518.483,6456.424,1931.033,55.581,990.161,236.226,190.459,901.475,182.953,1724.659,620.232,10537.243,1600.181,11418.565,767.603
02/2002,,,309.993,94239.735,48984.689,,15644.98,6085.511,27653.786,53773.728,10518.483,6456.424,1931.033,55.581,990.161,236.226,190.459,901.475,182.953,1724.659,620.232,10537.243,1600.181,11418.565,767.603
03/2002,,,304.605,92922.197,47573.902,,15403.292,6390.169,27642.225,51773.274,16109.551,9650.465,2991.7,81.071,1525.934,348.925,285.677,1451.982,253.303,2688.668,856.572,16686.02,2729.543,18354.496,1155.615
04/2002,,,304.289,94452.736,48542.494,,15452.289,6582.235,27668.04,52548.243,21850.752,13144.861,4136.782,110.898,2095.174,495.79,399.557,1902.492,354.81,3597.133,1207.063,22878.148,3814.19,25297.852,1583.743
05/2002,,,309.406,97038.055,48578.597,,15557.501,6629.762,28200.372,53583.571,28183.359,16989.041,5473.988,146.077,2677.55,640.347,508.247,2471.679,434.694,4743.191,1548.726,29183.059,4868.158,31913.665,2125.435
06/2002,,,310.606,96135.043,49703.766,,16041.13,6868.755,28363.693,53314.486,33932.122,20898.284,6393.283,174.774,3279.07,767.523,595.889,3126.194,443.039,5775.38,1856.491,35737.464,6029.056,39121.532,2474.412
07/2002,,,309.96,97174.946,50022.713,,16036.295,6872.224,28906.193,53566.211,39914.609,23968.332,7524.049,212.438,3884.578,899.281,713.896,3574.271,565.499,6651.682,2205.723,41831.597,7021.618,45705.588,2864.973
08/2002,,,310.966,97955.756,50222.714,,16279.612,6808.054,29016.262,54075.553,45708.92,27518.033,8677.365,242.234,4424.013,985.022,799.968,4112.163,632.765,7636.178,2525.299,48083.094,8211.884,52252.773,3281.781
09/2002,,,312.262,99674.986,50118.104,,16481.661,6662.256,28899.69,54274.588,52169.055,31608.896,9939.696,279.45,5102.577,1123.8,891.921,4704.81,748.878,8622.173,2991.44,55116.226,9610.593,59213.64,3637.913
10/2002,,,316.77,101411.555,50728.338,,17078.897,6553.087,29402.661,54565.501,58945.039,35447.655,11208.941,337.162,5709.145,1216.839,1047.691,5367.18,805.394,9811.673,3371.563,61971.739,10853.693,66443.963,4107.331
11/2002,,,317.043,103113.269,51102.483,,17737.288,6930.574,29512.592,55058.412,65652.476,39383.966,12482.149,368.659,6295.85,1349.699,1151.375,6034.616,836.847,11049.626,3792.931,68954.863,11941.123,73955.084,4646.351
12/2002,,,319.678,102737.18,51869.981,,16929.759,6829.421,29807.959,56595.318,72284.014,43834.115,13865.178,423.483,7149.232,1518.476,1227.157,6476.343,1127.042,12181.282,4204.304,75304.897,13157.471,80682.18,5281.456
01/2003,294,992,312.334,106838.059,53986.777,,17189.658,6351.448,30435.324,56591.79,12868.101,7679.052,2526.491,80.198,1189.884,253.022,190.437,1269.23,197.243,2294.178,821.72,13006.712,2395.626,13507.809,944.75
02/2003,294,992,312.334,106838.059,53986.777,,17189.658,6351.448,30435.324,56591.79,12868.101,7679.052,2526.491,80.198,1189.884,253.022,190.437,1269.23,197.243,2294.178,821.72,13006.712,2395.626,13507.809,944.75
03/2003,319,1010,312.852,105742.289,53691.402,,17289.384,6523.083,30341.643,56433.5,19666.76,11997.919,3930.886,122.909,1702.688,360.373,288.38,1974.19,266.598,3486.956,1053.469,20412.726,3837.426,21632.163,1389.857
04/2003,286,1008,313.563,107556.203,54477.835,,17641.551,6548.467,30308.281,58001.579,26928.823,15937.052,5319.904,167.212,2359.568,473.341,393.073,2830.214,296.98,4866.726,1472.944,28198.747,5415.489,29926.337,1869.3
05/2003,277,1012,318.144,110264.593,55547.411,,17992.294,7140.379,30769.51,58859.952,34859.16,20801.963,6872.532,215.151,3087.523,623.467,487.619,3582.405,368.256,6187.132,1860.761,36304.706,7150.726,38960.263,2389.576
06/2003,279,1023,317.591,110618.163,55932.536,,17376.35,7681.377,31486.846,59597.633,41813.528,24870.956,8156.032,256.46,3748.462,775.375,616.886,4337.082,421.653,7427.144,2199.361,44149.75,8665.818,47840.986,2833.602
07/2003,288,1024,318.316,111951.801,56488.859,,17605.718,7702.394,31431.921,60226.606,48357.272,28853.16,9510.001,303.431,4392.07,881.851,733.419,4971.575,448.318,8486.928,2534.435,51022.583,9857.893,55350.667,3211.922
08/2003,289,1028,319.224,112996.475,56670.087,,18273.709,7969.165,31640.101,60805.843,55154.358,33433.931,10873.664,343.046,4984.993,994.263,813.292,5607.641,529.39,9723.429,2927.423,58181.22,10819.706,62345.171,3772.742
09/2003,294,1034,319.295,115222.957,57275.616,,18028.015,7584.639,31968.642,60942.792,62441.05,37267.506,12208.702,387.533,5575.918,1128.16,897.648,6337.493,568.146,11084.78,3474.168,65676.24,12182.471,70191.438,4359.754
10/2003,301,1038,323.408,116923.396,58007.009,,18560.038,7553.68,32518.732,63424.165,70481.839,42131.2,13725.003,445.137,6330.326,1255.565,999.27,7026.257,627.997,12319.467,3943.946,74177.613,13529.729,78609.295,4848.073
11/2003,288,1042,324.423,118655.685,57466.82,,19166.915,7715.805,32262.15,63606.802,78746.297,47223.469,15329.613,489.036,7017.529,1415.46,1135.672,7955.344,673.548,13868.18,4444.727,83024.284,15252.065,87566.591,5423.8
12/2003,272,1054,339.025,119138.32,58493.178,,18102.573,7767.022,32914.718,64821.471,87292.968,52023.233,17062.583,523.275,7898.274,1581.437,1239.124,8626.78,796.504,15206.423,5269.516,90396.47,16698.591,95616.155,6056.368
01/2004,316,1045,326.342,118776.705,59426.86,,18600.744,6452.473,34919.754,63321.961,14308.992,8659.379,2660.908,97.404,1202.612,242.376,180.73,1409.692,186.783,2466.437,740.209,15023.384,2463.019,15808.603,959.341
02/2004,316,1045,326.342,118776.705,59426.86,,18600.744,6452.473,34919.754,63321.961,14308.992,8659.379,2660.908,97.404,1202.612,242.376,180.73,1409.692,186.783,2466.437,740.209,15023.384,2463.019,15808.603,959.341
03/2004,311,1046,319.355,121958.411,60574.679,,18036.905,6867.608,35269.763,64821.405,22548.322,13431.738,4349.326,149.288,1909.947,380.969,306.407,2269.869,249.76,3936.507,1201.868,23555.802,3872.309,25146.003,1517.35
04/2004,282,1042,315.272,117833.826,59052.97,,18461.441,6884.116,34997.04,62052.481,30037.221,17831.937,5978.422,192.025,2514.944,434.814,352.259,3015.957,297.531,5210.746,1568.546,31687.67,5427.126,34043.421,2002.764
05/2004,288,1045,314.98,118808.385,59601.625,,18617.88,7107.882,35521.837,63064.972,38139.313,22654.383,7513.722,249.698,3209.952,574.781,462.272,3739.125,384.793,6511.718,1948.279,39845.182,6597.281,42718.377,2522.895
06/2004,296,1048,316.164,119970.756,59834.261,,18890.94,7304.069,36228.853,63877.413,46371.499,27701.705,9130.041,294.372,3893.054,745.714,559.623,4492.657,470.601,7859.422,2382.4,48812.295,8234.778,52551.579,3072.393
07/2004,308,1051,316.842,121575.926,59363.295,,18865.186,7296.027,36064.711,63262.965,54182.81,32446.312,10862.108,340.589,4580.797,871.335,650.04,5020.963,534.189,8984.826,2832.079,56753.7,9623.099,60652.225,3623.274
08/2004,312,1053,314.132,121573.685,59819.256,,19024.502,7130.237,36183.266,63843.72,61947.85,36953.022,12464.073,400.068,5165.52,989.943,733.931,5758.997,609.909,10297.884,3168.087,64960.855,11043.508,68787.75,4138.819
09/2004,303,1058,316.979,122391.33,59405.156,,19192.949,7049.426,36722.879,63730.764,69412.661,41037.539,14125.457,450.34,5860.192,1084.002,830.059,6675.503,690.89,11833.649,3698.196,74437.43,12624.258,78504.196,4707.806
10/2004,293,1064,318.036,122285.035,59312.373,,19907.217,6866.938,36804.092,63920.772,77616.857,45847.458,15904.926,519.282,6565.751,1205.472,941.829,7672.661,748.155,13552.11,4108.022,83666.338,14208.773,87790.538,5360.167
11/2004,298,1065,319.043,123764.299,60043.48,,20142.24,7408.52,36994.021,64620.412,86690.854,51356.504,17681.167,576.795,7243.91,1335.97,1039.148,8623.995,817.33,15166.68,4563.027,92848.378,16210.551,97710.4,5965.89
12/2004,278,1075,321.209,125566.927,60150.092,,19435.775,7538.013,38157.994,65637.092,96268.104,57179.142,19547.556,679.465,8185.514,1498.134,1170.768,9664.86,925.428,16921.972,5307.222,103427.43,18158.138,108816.651,6577.647
01/2005,316,1080,319.81,129856.94,63107.06,,20493.96,7319.48,41083.89,67810.79,15811.12,9438.77,3094.53,101.43,1353.52,214.07,183.97,1771.2,191.15,2972.84,800.59,17866.02,3041.32,19062.39,1100.22
02/2005,316,1080,319.81,129856.94,63107.06,,20493.96,7319.48,41083.89,67810.79,15811.12,9438.77,3094.53,101.43,1353.52,214.07,183.97,1771.2,191.15,2972.84,800.59,17866.02,3041.32,19062.39,1100.22
03/2005,311,1067,317.35,129466.02,63489.05,,20012.67,6863.9,41294.53,66487.12,24252.48,14269.63,4829.14,159.9,2095.19,326.14,281.89,2714.22,225.18,4485,1184.37,26751.22,4491.86,28426.55,1610.88
04/2005,306,1054,316.466,130882.43,64546.84,,20124.99,7098.45,41421.5,67675.46,33488.95,19531.39,6766.34,279.31,2856.29,456.63,382.8,3604.99,306.05,6061.7,1652.78,35992.41,5866.38,38603.62,2177.4
05/2005,310,1057,316.897,132978.64,65487.97,,20721.83,7659.45,42215.43,68130.84,42695.88,25097.46,8723.96,328.6,3663.02,577.88,508.7,4517.43,367.21,7605.8,2425.52,45633.6,7468.84,49142.82,2759.77
06/2005,316,1068,314.48,135104.27,65846.9,,20155.72,8300.47,42042.67,69005.71,52777.25,31170.81,10839.34,407.84,4427.11,703.71,634.8,5537.07,538.04,9349.17,2736.4,55754.48,9001.4,60016.08,3404.25
07/2005,315,1071,319.268,137114.66,67552.68,,20537.49,8127.19,42649.66,70064.62,62163.77,36625.96,13083.27,464.8,5415.3,832.34,773.62,6233.15,634.81,10566.45,3171.95,64911.64,10753.73,70438.41,3966.03
08/2005,317,1079,321.88,141446.96,68649.21,,21176.15,8096.61,43491.3,72814.57,72694.13,42990.39,15341.27,522.4,6138.22,987.78,1031.32,7242.34,707.18,12449.7,3614.07,75655.2,12683.08,81170.09,4684.96
09/2005,313,1080,317.631,138361.1,67528,,21262.23,8096,42498.61,71210.83,79744.79,46681.98,16978.44,458.16,6770.56,1105.94,1003.24,7956,799.16,13543.4,3299.64,84350.42,13418.34,89718.17,5129.23
10/2005,313,1089,322.054,141206.27,69052.5,,21510.97,8528.18,43323.3,72258.75,90306.65,52707.7,19410.68,646.91,7687.62,1268.55,1115.1,9017.53,911.94,15501.85,3681.72,94712.27,14995.44,100828.25,5837.4
11/2005,310,1084,309.964,138422.64,68000.02,,21479.52,8540.18,41727.81,70667.26,97115.34,56905.57,20896.39,558.21,8294.04,1408.75,1226.04,9649.9,981.66,16575.92,3738.9,102551.4,16331.15,109045.31,6367.81
12/2005,303,1098,325.257,145041.21,69501.02,,21190.54,8767.84,44861.56,73079.34,112495.05,66389.4,23851.62,980.27,9802.68,1570.46,1394.03,10792,1049.57,19141.28,4720.38,119081.57,19053.26,125894.05,7369.01
01/2006,365,1094,345.733,152918.22,76250.35,,22914.3,8523.22,49502.19,79526.35,20221.12,12079.35,3683.84,631.19,1802.81,304.67,239.72,1712.07,311.16,3716.27,642.71,20526.34,3240.28,21612.63,1373.02
02/2006,365,1094,345.733,152918.22,76250.35,,22914.3,8523.22,49502.19,79526.35,20221.12,12079.35,3683.84,631.19,1802.81,304.67,239.72,1712.07,311.16,3716.27,642.71,20526.34,3240.28,21612.63,1373.02
03/2006,386,1097,342.792,155249.1,76677.74,,22775.75,8919.56,49400.15,80977.98,30988.47,18595.54,5688.13,855.21,2787.81,467.07,388.84,2633.08,403.46,5523.67,1048.9,32047.5,5013.17,34338.29,2035.38
04/2006,348,1102,355.54,156052.86,78919.68,,23740.7,8854.88,49464.92,81245.41,41607.15,24803.15,7810.32,1112.35,3645.61,563.25,491.01,3763.86,405.6,7502.78,1452.41,42878.56,6250.07,45071.79,2626.57
05/2006,346,1100,347.766,157939.61,79280.1,,23364.54,9546.21,50103.64,81611.43,53709.72,32658.05,10976.27,528.92,4665.68,862.74,630.08,4528.87,534.28,8478.42,2057.72,55319.45,8783.27,58726.22,3420.63
06/2006,357,1117,346.076,159963.51,80001.12,,23216.49,10005.45,50133.5,82311.51,65497.72,40109.09,13239.25,409.48,5716.45,1028.75,809.65,5232.78,708.05,9751.15,2564.88,67220.3,10828.24,71908.71,4108.9
07/2006,343,1108,348.001,161014.68,80433.71,,23304.93,9998.39,50495,83876.02,76193.04,46584.83,15418.03,683.88,6732.47,1195.66,946.62,5919.49,823.67,11401.93,3038.8,78591.23,12704.22,83807.57,4798.56
08/2006,348,1119,348.733,161570.04,80267.34,,23418.14,9900.88,50758.02,84166.91,86807.26,53562.25,17547.97,523.38,7662.94,1352.71,1076.63,6906.27,927.37,12952.44,3399.63,89204.95,14443.39,94542.25,5522.79
09/2006,343,1108,387.09363,162135.53514,79464.6666,,23183.9586,9801.8712,50935.67307,84461.494185,100696.4216,62132.21,19829.2061,591.4194,8659.1222,1528.5623,1216.5919,7665.9597,1196.3073,14377.2084,3832.501488,100163.4256,16149.83595,105564.9281,6130.2969
10/2006,343,1113,349.419,163339.04,78952.86,,23014.1,9697.51,51262.02,85124.43,117492.75,72178.24,22468.9,998.79,9859.75,1737.56,1379.11,8630.53,1138.73,16464.63,4362.46,111649.59,17795.34,117046.4,6835.31
11/2006,351,1132,351.763,167293.6,82902.94,,25021.68,10351,51605.41,85529.11,124375.57,75675.93,25046.93,978.94,10945.31,1826.06,1465.75,10471.98,1193.16,19450.12,5159.29,128079.77,20171.02,134947.21,7999.21
12/2006,336,1136,358.326,168766.1,82507.3,,23609.12,10411.55,51885.08,85502.04,138254.14,84415.41,28224.78,946.21,12422.91,1902.99,1590.66,11504.79,1507.48,21685.25,5860.74,142562.49,22897.86,150133.5,9234.24
01/2007,364,1130,357.889,172697.03,87930.4,,25311.92,9801.06,53574.6,88100.29,23176.59,13996.65,4555.53,199.6,2015.13,309.33,260.25,2173.77,315.12,3886.15,852.22,23730.62,3363.2,25211.21,1512.78
02/2007,364,1130,357.889,172697.03,87930.4,,25311.92,9801.06,53574.6,88100.29,23176.59,13996.65,4555.53,199.6,2015.13,309.33,260.25,2173.77,315.12,3886.15,852.22,23730.62,3363.2,25211.21,1512.78
05/2007,322,1124,354.97,175701.57,88743.7,,24487.71,10690.18,55199.88,88321.31,63016.01,38053.94,12183.95,504.28,5432.18,760.76,681.76,6339.33,508.83,10824.03,2660.5,64487.45,9823.14,69402.32,3980.43
08/2007,323,1140,362.712,184001.41,92949.44,,25992.62,11605.03,53568.77,92873.96,107061.54,64549.48,20480.16,853.39,9126.54,1323.26,1140.36,11084.26,838.93,18571.47,5201.88,109213,17166.56,117017.61,6633.81
11/2007,305,1160,364.588,190270.06,97239.91,,27173.19,12426.18,54328.26,95264.28,151585.54,92326.8,28807.16,1119.59,12730.67,1958.82,1576.41,15654.71,1372.89,26350.35,7344.14,155274.54,25691.25,166185.01,9576.04
12/2007,295,1174,370.994,193084.65,94769.49,,26916.12,12354.48,53285.15,94319.09,169926.66,102453.24,31986.4,862.41,14884.58,2185.68,1833.08,17109.33,1634.55,29455.03,6874.68,171941.91,29475.94,183317.31,11483.3
01/2008,322,1151,358.613,189096.05,100666.68,,28399.22,11472.71,,91290.83,29999.09,18089.16,5607.83,194.06,2372.63,316.42,244.14,3443.27,295.54,5804.69,1165.59,30558.37,4393.82,30373.45,2167.37
02/2008,322,1151,358.613,189096.05,100666.68,,28399.22,11472.71,,91290.83,29999.09,18089.16,5607.83,194.06,2372.63,316.42,244.14,3443.27,295.54,5804.69,1165.59,30558.37,4393.82,30373.45,2167.37
05/2008,300,1173,376.986,204195.62,108004.63,,30891.55,13516.2,,98857.41,82517.82,50188.05,15864.86,431.9,6539.28,990.98,760.24,9256.61,479.88,14375.23,3206.13,86014.37,12480.68,89887,4686.72
08/2008,293,1187,383.22,214749.43,112265.85,,32089.07,14931.21,,106598.49,138660.82,84023.84,26989.65,735.14,11027.13,1691.6,1306.77,15306.1,746.31,24398.84,5164.07,142404.55,20913.6,150949.6,8357.6
11/2008,297,1195,389.384,221726.59,115762.47,,34271.58,15708.58,,107278.23,194717.22,117712.03,38097.35,1043.56,15942.18,2364.39,1874.47,21609.45,1146.04,34557.36,6952.64,200525.42,29597.58,210788.53,11904.35
12/2008,313,1254,420.235,245330.86,123682,,32186.13,14601.34,65952.37,119360.14,225020.7,136818.99,40655.96,1202.68,18498.75,3159.2,2531.37,27228.37,1452.37,43034.1,10857.47,227096.48,24266.6,240617.32,14603.05
01/2009,308,1215,386.32,223751.58,121178.11,,32253.67,14630.3,,104876.6,35780.57,21488.07,6366.52,171.62,3077.06,466.04,294.95,4029.01,262.89,6522.64,936.51,36478.22,5296.64,37242.01,2322.02
02/2009,308,1215,386.32,223751.58,121178.11,,32253.67,14630.3,,104876.6,35780.57,21488.07,6366.52,171.62,3077.06,466.04,294.95,4029.01,262.89,6522.64,936.51,36478.22,5296.64,37242.01,2322.02
05/2009,282,1251,410.829,250274.23,136396.78,,37667.87,16459.91,,123790.53,103905.73,64852.99,18118.07,494.02,8108.51,1464.19,1009.57,11154.76,532.04,17781.92,3679.53,105668.29,17095.92,109048.80288958,6133.14
08/2009,268,1255,415.509,260643.28,141037.5,,39007.72,17151.7,,128946.17,173568.17,108394.67,30534.69,803.03,13411.11,2318.86,1628.19,18477.53,880.95,29262.91,6005.05,174459.5,29018.51,180599.89648033,9982.36
11/2009,260,1262,423.404,271006.42,144887.19,,40591.76,17124.85,,130426.22,246560.56,153520.78,43209.28,1197.55,19274.63,3133.98,2160.43,27427.37,1086.59,43324.03,8512.06,247917.83,41252.11,255849.15376677,14699.11
12/2009,249,1267,440.94,286043.34,160372,,37756.87,15765.59,67245.08,135586.19,276998.55,168688.99,49974.95,1751.43,22399.69,3365.6,2557.18,32834.15,1205.89,51869.72,10259.52,274523.88,46362.12,287664.77,17273.08
01/2010,296,1282,429.629,275905.57,157505.16,,39250.81,15302.01,,130382.35,45706.13,27526.16,8123.28,202.52,3646.42,427.18,338.97,5651.07,287.06,8866.01,1897.19,45553.85,7983.67,,3012.41
02/2010,296,1282,429.629,275905.57,157505.16,,39250.81,15302.01,,130382.35,45706.13,27526.16,8123.28,202.52,3646.42,427.18,338.97,5651.07,287.06,8866.01,1897.19,45553.85,7983.67,,3012.41
05/2010,258,1290,442.17,306749.08,181701.33,,43716.44,17616.09,,140279.49,127683.93,77384.9,22628.5,576.95,10139.58,1172.69,948.98,14851.72,565.28,22969.23,4813.83,126001.95,22406.07,,7540.56
08/2010,251,1299,447.991,317900.95,186729.25,,45147.96,19349.2,,152990.11,217118.64,133930.11,38869.15,968.06,16911.3,1994.6,1498.65,24249.45,1121.52,37572.47,7875.17,213159.67,38810.77,220206.27066116,12354.96
11/2010,229,1313,458.169,334491.03,198347.73,,45594.77,19115.36,,153938.39,307144.35,188296.27,56030.59,1339.78,24015.89,2706.51,2048.8,35331.67,1092.4,54942.77,10509.57,302442.27,54807.55,312440.36157025,18271.33
12/2010,206,1277,477.271,348502.5,,,44900.6,19470.08,81110.1,158326.87,342820.32,209034.94,62935.46,1861.22,28265.09,3189.57,2535.78,42414.97,1215.27,64946.39,17023.12,329494.57,,347414.52,20670.2
01/2011,193,1018,441.6,333668,203655,,44285,17512,,149501,56126,33949,10282,328,4497,478,378,6609,439,10324,,,,,3387
02/2011,193,1018,441.6,333668,203655,,44285,17512,,149501,56126,33949,10282,328,4497,478,378,6609,439,10324,,,,,3387
03/2011,192,1030,439.562,341177.47,207121.07,,45167.15,18372.92,,152490.14,85383.55,51254.67,16267.73,533.58,6682.11,724.57,575.4,10210.8,614.67,15998.22,2526.47,84593.51,,87389.98966942,5253.84
04/2011,185,1031,446.5,351792,214963,43097,46853,19819,,157128,119649,72191,22163,752,9046,960,747,13913,775,21677,,,,,7012
05/2011,177,1031,449.6,358498,219296,44247,49375,20679,,163221,152415,92679,28511,1036,11267,1177,975,17393,845,28074,,,,,9644
06/2011,181,1029,455.273,362680.74,220878.88,44602,49731.79,20584.1,,164913.18,190429.46,116865.23,34974.15,1222.28,13850.23,1473.26,1202.17,21557.95,953.32,33476.34,5648.46,185509.4,,191641.94214876,10696.11
07/2011,175,1027,454.3,368273,224434,45435,49391,20924,,168345,221883,137057,40787,1462,16203,1704,1431,24649,1161,38448,,,,,12337
08/2011,169,1028,458.956,375833.241,226270.212,45999.856,49942.852,21863.694,,172055.431,255731.272,158641.059,47153.744,1677.372,18589.386,2012.826,1628.394,27635.083,1386.04,43877.385,,,,,14564.93
09/2011,158,1027,460.111,384701.97,232094.94,,51685.45,20718.04,,176788.8,293451.67,182920,53756.12,1925.77,21140.81,2172.99,1854.86,31368.29,1361.88,49994.8,8440.7,285314.45,,298758.58638744,16700.74
10/2011,159,1027,462.359,390099.881,234683.168,47484.288,53742.052,22232.157,,180190.131,329641.431,205187.008,60912.021,2210.913,23844.876,2443.108,2085.302,35467.502,1364.473,56466.188,,,,,18787.773
11/2011,164,1032,464.783,395372.431,238317.037,47643.306,53939.245,22183.917,,181728.219,368078.755,230485.22,67368.079,2482.174,26985.481,2752.428,2349.238,38552.411,1408.099,62027.742,,,,,20993.157
12/2011,148,1071,464.342,407549.35,237817.424,47581.965,51538.19,22127.79,83552.18,184994.22,414121.62,258065.53,75777.06,2872.05,31581.32,3156.63,3344.44,46337.04,1000.82,75012.57,11881.02,406827.89,5538.98,426159.24,25803.48
01/2012,217,1062,481.681,407895.005,244811.23,50910.607,55564.285,21551.905,,183478.285,66336.725,40263.87,11459.278,476.499,5328.376,643.159,518.576,6883.595,579.775,11370.156,,,,,4010.062
02/2012,217,1062,481.681,407895.005,244811.23,50910.607,55564.285,21551.905,,183478.285,66336.725,40263.87,11459.278,476.499,5328.376,643.159,518.576,6883.595,579.775,11370.156,,,,,4010.062
03/2012,215,1062,494.743,417292.48,252554.01,,58541.13,21633.18,,191434.74,109325.79,67117.68,20352.78,780.74,8401.96,953.67,835.93,11336.27,643.68,18671,3213.23,105548.4,,110521.88481675,6553.99
04/2012,189,1059,497.617,432191.177,259516.464,51791.676,60340.548,21854.176,,198103.647,149018.797,91627.075,28026.488,1100.068,11544.624,1361.703,1177.52,15953.862,704.849,26129.644,,,,,9075.714
05/2012,176,1057,500.994,436931.291,262103.073,54012.96,59511.703,23145.525,,199422.09,189092.619,115941.329,35434.086,1431.774,14286.28,1744.266,1721.311,20698.484,863.857,33526.903,,,,,11396.645
06/2012,183,1057,502.291,447291.95,271003.81,,61457.92,23593.43,,206660.5,234615.69,143803.5,43781.08,1756.23,17592.34,2104.88,1949.67,26564.36,964.44,42257.13,6668.95,226314,,233313.40206186,13936.54
07/2012,173,1057,504.66,451838.184,274161.995,55005.777,61765.97,23624.901,,208156.067,274424.957,168583.601,51440.315,2040.394,20574.092,2468.048,2222.141,30030.404,1282.223,48157.433,,,,,16086.635
08/2012,160,1061,508.731,457055.237,276052.502,56606.884,62831.595,24985.087,,207755.432,316556.642,195687.524,59482.878,2347.19,23648.916,2895.425,2655.98,34211.384,1377.142,54999.881,,,,,18441.307
09/2012,168,1061,510.199,464873.9,280286.9,,65028.53,25269.54,,212879.59,362967.42,224891.73,67795.95,2752.4,26912.71,3218.17,3023.26,39181.86,1614.07,62960.59,9952.68,352999,,363916.49484536,21026.33
10/2012,165,1060,510.39,474163.687,286981.905,59951.519,65189.217,27131.979,,215073.69,404977.894,251660.329,75006.869,3050.223,30364.432,3520.466,3314.13,43418.077,1878.581,70280.88,,,,,23812.58
11/2012,149,1065,512.668,483466.15,294512.612,61202.541,66234.196,28561.741,,218750.737,449410.573,278623.594,83946.168,3417.495,33833.417,3855.684,3626.783,48619.861,2074.84,78521.645,,,,,26484.289
12/2012,161,1119,520.903,492233.65,298329.13,,62792.42,28546.92,100252.05,226215,495801.06,304701.64,93954.38,3905.32,37715.08,4075.78,4102.42,56619.78,1821.84,89759.56,15230.7,487562.33,7332.39,497025.11794872,29234.46
01/2013,215,1100,,492806.344,296174.539,60338.798,68264.316,26350.734,,225002.809,81295.498,48685.813,15643.584,585.956,6495.611,689.816,645.786,8871.864,815.366,14320.62,,,,,4862.8
02/2013,215,1100,,492806.344,296174.539,60338.798,68264.316,26350.734,,225002.809,81295.498,48685.813,15643.584,585.956,6495.611,689.816,645.786,8871.864,815.366,14320.62,,,,,4862.8
03/2013,188,1093,,505922.206,302417.749,61266.34,69262.334,25617.263,,230834.567,128519.745,78095.397,24520.407,960.756,10043.903,1018.934,1067.299,13942.082,1053.039,22405.125,3502.25,,,,7502.287
04/2013,171,1090,,514902.225,308036.107,62929.976,70322.163,26275.991,,237635.441,173055.588,106141.47,33233.188,1236.413,13437.913,1375.848,1466.742,18478.18,1247.739,29622.15,,,,,9907.557
05/2013,165,1091,,520535.536,311974.096,64768.865,71259.342,26821.226,,240367.478,219682.588,134466.638,42417.768,1552.903,17051.293,1735.469,1844.554,23621.543,1354.098,37753.273,,,,,12578.827
06/2013,167,1087,,527586.74,315203.51,,73840.39,27958.44,,244324.42,269396.62,165304.4,51311.49,1917.61,20757.7,2115.88,1986.18,29655.96,1460.67,46998.44,7270.56,,,,15424.87
07/2013,159,1088,,530099.647,314250.516,66335.17,74910.802,29337.105,,246132.934,314733.736,194218.34,59791.761,2227.749,24208.332,2514.353,2636.392,33830.796,1684.339,54166.908,,,,,18108.363
08/2013,158,1088,,539266.982,320081.314,67823.633,74377.114,29944.586,,250606.312,360061.784,222254.894,68125.41,2586.682,27678.145,3076.277,3019.979,39009.749,1832.412,62370.231,,,,,20773.8
09/2013,157,1091,,550491.19,329279.76,,77209.33,28797.38,,254696.73,411921.38,255054.51,76883.58,2992.53,31326.82,3426.21,3458.32,44879.51,2111.92,71908.93,11906.28,,,,24036.89
10/2013,144,1091,,555635.119,332497.184,68762.179,79809.863,29194.586,,258134.674,461620.665,287235.182,85691.749,3388.789,35021.934,3786.252,3788.175,49949.904,2291.733,80164.694,,,,,26826.001
11/2013,143,1091,,563204.424,335842.407,69350.541,80823.971,30676.239,,260531.941,516566.262,321400.933,95880.922,3818.623,39008.004,4116.535,4193.005,55739.025,2448.062,89463.829,,,,,29906.181
12/2013,132,1098,,575420.83,337360.73,,78021.66,29683.68,,265292.21,573093.44,355438.08,106356.1,4294.77,43789.38,4476.49,4702.11,63939.69,2045.86,102759.63,16036.31,,,,34525.17
01/2014,235,1124,,564084.443,333954.394,70117.901,80704.016,27200.546,,255554.402,91459.698,55676.193,17645.502,724.95,7158.524,962.901,810.068,10298.916,776.353,16695.88,,,,,5672.014
02/2014,235,1124,,564084.443,333954.394,70117.901,80704.016,27200.546,,255554.402,91459.698,55676.193,17645.502,724.95,7158.524,962.901,810.068,10298.916,776.353,16695.88,,,,,5672.014
03/2014,223,1128,,583651.05,345033.2,,83432.83,28196.99,,263898.93,143692.62,87962.49,27303.28,1111.72,10852.32,1513.48,1247.28,16351.99,995.37,25884.63,3714.24,,,,8420.91
04/2014,184,1094,,583889.791,348715.541,73303.207,82001.111,30005.891,,271351.669,192574.603,118264.571,36401.26,1466.537,14464.402,2016.595,1635.099,21564.372,1218.176,33975.716,,,,,10944.807
05/2014,173,1094,,589531.937,352840.982,75757.702,83508.661,31806.677,,275104.972,244712.105,150431.666,46278.194,1842.218,18401.119,2462.492,2039.767,27751.049,1450.054,43492.415,,,,,13899.148
06/2014,179,1096,,599839.15,358276,,86129.03,31786.92,,276593.5,301735.82,185857.66,56857.99,2283.3,22352.03,2776.29,2515.05,34186.36,1525.74,53676.55,8047.85,,,,17206.89
07/2014,169,1083,,595097.891,358637.448,78786.475,84459.517,33851.458,,272421.355,350483.293,214817.329,66855.081,2633.286,26258.076,3254.973,2889.968,39151.569,1739.352,61827.18,,,,,20042.325
08/2014,164,1087,,598919.088,362551.086,80904.987,85630.426,34664.994,,272894.336,402213.028,247094.684,76673.352,3009.494,30604.172,3668.338,3379.45,44681.559,1907.016,70457.008,,,,,22765.955
09/2014,162,1088,,607158.22,368301.23,,90611.01,34479.47,,276513.13,457839.23,280650.65,87959.43,3483.67,34640.21,4062.18,3777.85,51095.08,2032.29,80762.41,11155.87,,,,26183.66
10/2014,158,1090,,616665.251,371901.708,82024.57,88951.991,35193.04,,278127.894,511958.483,312977.616,98391.602,3918.328,38980.138,4511.139,4197.08,57709.943,2172.185,91497.817,,,,,29869.546
11/2014,155,1090,,627441.819,378115.521,82368.263,91914.029,37039.356,,284847.143,569122.539,347711.716,109222.878,4398.076,43295.199,4887.907,4563.49,64827.637,2353.857,103086.105,,,,,33860.392
12/2014,132,1089,,636678.74,377615.25,,88652.76,37540.62,,287592.95,630370.79,384042.67,120571.84,4906.91,48646.21,5219.74,5176.84,73392.15,2295.35,116351.73,14708.69,,,,38052.67
01/2015,236,1111,,649516.035,386144.95,82454.944,94866.412,36611.347,,293785.866,102111.469,60767.502,20082.046,846.091,8202.096,1057.78,866.981,11703.613,629.49,19130.132,,,,,6580.428
02/2015,236,1111,,649516.035,386144.95,82454.944,94866.412,36611.347,,293785.866,102111.469,60767.502,20082.046,846.091,8202.096,1057.78,866.981,11703.613,629.49,19130.132,,,,,6580.428
03/2015,201,1089,,670777.71,394533.65,,96048.3,37569.62,,299870.04,158959.61,95353.41,30657.78,1302.74,12400.57,1524.44,1356.67,18797.31,732.85,29938.71,3537.78,,,,9838.66
04/2015,187,1089,,667977.564,405450.536,86167.691,95586.712,39478.894,,301889.319,211975.33,127634.136,40888.662,1713.57,16572.25,2115.209,1859.746,24453.643,998.442,38740.037,,,,,12572.824
05/2015,175,1090,,679831.931,411781.786,88429.599,97958.532,38980.81,,308514.003,267708.852,161819.187,51271.184,2142.786,20898.965,2637.121,2374.265,30650.828,1186.618,48298.17,,,,,15504.556
06/2015,176,1091,,683930.229,412371.435,85883.358,100081.949,38467.968,,308412.581,327594.612,197452.051,62696.554,2623.287,25498.77,3144.257,2892.374,39266.656,1461.277,61455.345,7204.68,,,,19565.402
07/2015,171,1089,,689884.592,414541.295,89160.687,98901.749,41199.679,,308545.635,380726.976,230181.433,73185.498,3037.138,29651.488,3691.336,3349.575,44273.289,1716.218,69779.235,,,,,22468.808
08/2015,162,1090,,699290.151,419362.056,89210.572,101370.236,41750.132,,311966.085,435395.204,263422.283,83760.572,3498.326,33886.469,4416.277,3814.242,50167.679,1909.595,79427.066,,,,,25761.061
09/2015,168,1092,,707597.43,424401.08,87627.269,104288.55,41306.32,,315460.36,497622.99,300720.61,96115.47,4022.32,38398.32,4973.93,4339.33,57677.29,2144.4,91530.23,11139.77,,,,29830.62
10/2015,168,1098,,716281.531,427501.213,88714.418,103776.63,41252.643,,317885.097,554847.411,334907.565,107132.465,4479.533,42791.367,5463.515,4987.395,64599.885,2128.073,103316.23,,,,,34236.812
11/2015,,,,732619.01,,,104420.025,,,,612866.487,,,,,,,71728.845,,,14014.492,,,,
12/2015,148,1096,,728897.039,,,102202.144,,,,681604.191,,,,,,,81686.359,,129726.493,15002.819,,,,
01/2016,244,1119,,751661.521,,,103471.91,,,,109097.767,,,,,,,12756.337,,,1668.92,,,,
02/2016,244,1119,,751661.521,,,103471.91,,,,109097.767,,,,,,,12756.337,,,1668.92,,,,
03/2016,222,1121,,756269.068,,,103868.812,,,,172143.903,,,,,,,20819.868,,,3074.028,,,,
04/2016,210,1122,,762696.389,,,106107.546,,,,232345.081,,,,,,,27769.203,,,4133.078,,,,
05/2016,189,1104,,767929.559,,,107819.474,,,,291469.534,,,,,,,35110.694,,,5384.192,,,,
06/2016,181,1108,,790376.597,,,110611.342,,,,358718.683,,,,,,,45279.363,,,6654.354,,,,
07/2016,180,1107,,793248.294,,,111428.615,,,,417148.404,,,,,,,51596.99,,,7739.974,,,,
08/2016,179,1109,,818656.49,,,111705.534,,,,476089.293,,,,,,,58890.343,,,8835.532,,,,
09/2016,179,1116,,828566.957,,,114402.793,,,,548647.674,,,,,,,68037.162,,,10272.962,,,,
10/2016,172,1119,,840731.904,,,115269.358,,,,610837.764,,,,,,,77098.153,,,11533.962,,,,
11/2016,154,1122,,851400.397,,,118023.505,,,,680486.957,,,,,,,86346.027,,,12839.879,,,,
12/2016,141,1120,,856177.595,,,114168.553,,,,753469.548,,,,,,,95048.559,,,14393.723,,,,
01/2017,209,1121,,846463.687,,,117586.155,,,,120405.182,,,,,,,14969.51,,,2015.397,,,,
02/2017,209,1121,,846463.687,,,117586.155,,,,120405.182,,,,,,,14969.51,,,2015.397,,,,
03/2017,189,1123,,893736.447,,,121310.802,,,,195374.022,,,,,,,25023.16,,,4210.573,,,,
04/2017,169,1124,,902806.085,,,122237.34,,,,263507.501,,,,,,,34002.994,,,5725.388,,,,
05/2017,163,1127,,906858.368,,,122284.802,,,,333483.316,,,,,,,44676.391,,,7276.492,,,,
06/2017,145,1122,,921394.687,,,126621.72,,,,408047.936,,,,,,,54964.054,,,8988.887,,,,
07/2017,148,1122,,924191.124,,,124788.107,,,,474850.015,,,,,,,67959.967,,,10552.592,,,,
08/2017,143,1122,,927350.895,,,123879.038,,,,544477.14,,,,,,,76841.048,,,12087.816,,,,
09/2017,135,1121,,945453.265,,,130217.319,,,,624989.977,,,,,,,87878.799,,,13797.291,,,,
10/2017,125,1122,,967508.704,,,132970.615,,,,695961.048,,,,,,,99151.385,,,16708.358,,,,
11/2017,124,1123,,973948.822,,,135977.497,,,,761986.028,,,,,,,109408.013,,,17248.876,,,,
12/2017,113,1122,,980695.006,,,131354.784,,,,834064.391,,,,,,,117028.926,,,19817.289,,,,
01/2018,206,1116,,981725.18,,,143247.524,,,,145042.857,,,,,,,22068.724,,,3253.323,,,,
02/2018,206,1116,,981725.18,,,143247.524,,,,145042.857,,,,,,,22068.724,,,3253.323,,,,
03/2018,216,1118,,986814.373,,,137605.923,,,,216045.216,,,,,,,30707.261,,,5174.333,,,,
05/2018,175,1106,,968307.032,,,136758.391,,,,343415.202,,,,,,,45734.264,,,,,,,
06/2018,178,1108,,986355.554,,,141221.406,,,,422703.277,,,,,,,59674.576,,,8621.325,,,,
07/2018,178,1107,,992996.324,,,140108.227,,,,488484.669,,,,,,,67591.55,,,11637.056,,,,
08/2018,175,1104,,1003677.436,,,138152.271,,,,557339.614,,,,,,,77227.018,,,13555.875,,,,
09/2018,186,1106,,1057628.961,,,150794.029,,,,648538.647,,,,,,,91573.044,,,18143.351,,,,
10/2018,186,1106,,1066938.382,,,150119.169,,,,721286.193,,,,,,,102987.444,,,20236.248,,,,
11/2018,175,1104,,1078538.044,,,152019.003,,,,795700.265,,,,,,,112016.061,,,22115.123,,,,
12/2018,162,1107,,1089281.213,,,144475.552,,,,871537.917,,,,,,,119503.1,,,25057.529,,,,
01/2019,258,1101,,1055703.193,,,170368.012,,,,154146.259,,,,,,,22826.341,,,4042.796,,,,
02/2019,258,1101,,1055703.193,,,170368.012,,,,154146.259,,,,,,,22826.341,,,4042.796,,,,
03/2019,260,1102,,1068026.049,,,175153.085,,,,233706.979,,,,,,,32379.866,,,7046.581,,,,
04/2019,222,1102,,1069002.943,,,172363.045,,,,313313.217,,,,,,,43063.428,,,9331.248,,,,
05/2019,202,1104,,1077055.889,,,179144.759,,,,389204.497,,,,,,,53259.663,,,11415.2,,,,
06/2019,201,1102,,1072972.689,,,183600.905,,,,472038.631,,,,,,,65976.904,,,13657.939,,,,
07/2019,197,1102,,1080461.753,,,178977.474,,,,544998.234,,,,,,,75057.632,,,15727.453,,,,
08/2019,193,1100,,1096476.71,,,175731.389,,,,618462.039,,,,,,,85027.019,,,17987.746,,,,
09/2019,188,1098,,1097395.153,,,183018.548,,,,691866.322,,,,,,,95037.325,,,20528.466,,,,
10/2019,193,1100,,1086781.254,,,176723.547,,,,742408.728,,,,,,,103171.614,,,21523.786,,,,
11/2019,184,1100,,1089606.706,,,178594.954,,,,809042.077,,,,,,,111632.075,,,22992.595,,,,
12/2019,172,1108,,1046891.593,,,171149.855,,,,857606.346,,,,,,,117269.493,,,20150.874,,,,
01/2020,344,1112,,1043705.891,,,143629.71,,,,124873.917,,,,,,,17631.583,,,2208.965,,,,
02/2020,344,1112,,1043705.891,,,143629.71,,,,124873.917,,,,,,,17631.583,,,2208.965,,,,
03/2020,378,1113,,1055009.105,,,139697.925,,,,182999.561,,,,,,,22312.206,,,4584.317,,,,
04/2020,321,1113,,1056142.428,,,138434.799,,,,245047.443,,,,,,,30789.62,,,6715.778,,,,
05/2020,327,1118,,1066610.27,,,144624.584,,,,308277.96,,,,,,,38910.596,,,9101.959,,,,
06/2020,317,1117,,1078319.362,,,152243.669,,,,381375.337,,,,,,,51122.229,,,11847.412,,,,
07/2020,298,1130,,1096900.958,,,149530.034,,,,452636.465,,,,,,,61228.47,,,14281.27,,,,
08/2020,297,1130,,1097496.076,,,150446.14,,,,521202.574,,,,,,,68925.725,,,,,,,
09/2020,283,1125,,1109546.208,,,159015.498,,,,606629.467,,,,,,,82110.437,,,18332.827,,,,
10/2020,262,1124,,1107008.304,,,157430.04,,,,675102.125,,,,,,,91102.984,,,19984.827,,,,
11/2020,247,1124,,1111123.179,,,160915.383,,,,753392.576,,,,,,,100753.84,,,21913.06,,,,
12/2020,226,1123,,1114481.421,,,152059.826,,,,835687.618,,,,,,,110238.521,,,24907.427,,,,
03/2021,326,1145,,1117330,,,145310,,,,208580,,,,,,,33400,,,,,,,
04/2021,292,1149,,1121510,,,145420,,,,274420,,,,,,,44370,,,,,,,
05/2021,289,1147,,1125990,,,148540,,,,338510,,,,,,,53600,,,,,,,
06/2021,285,1147,,1148910,,,156850,,,,415300,,,,,,,66100,,,,,,,
07/2021,288,1148,,1140660,,,150350,,,,477310,,,,,,,74400,,,17010,,,,
08/2021,290,1149,,1142130,,,146570,,,,544760,,,,,,,83210,,,19950,,,,
09/2021,291,1150,,1163850,,,154820,,,,623090,,,,,,,96410,,,23730,,,,
10/2021,284,1150,,1169370,,,150990,,,,685440,,,,,,,104200,,,26370,,,,
11/2021,270,1150,,1181490,,,153510,,,,761350,,,,,,,116410,,,29230,,,,
12/2021,228,1147,,1185480,,,146640,,,,840870,,,,,,,131910,,,32790,,,,
04/2022,325,1190,,1218780,,,156630,,,,272600,,,,,,,38570,,,13690,,,,
06/2022,316,1189,,1247310,,,166830,,,,413610,,,,,,,64140,,,20050,,,,
07/2022,,,,,,,,,,,474790,,,,,,,68710,,,,,,,